Id,Sequence,Family
0,MFKFTKKFLVGLTAALMSISLFSANASAANTDYWQNWTDGGGTVNAVNGSGGNYSVNWSNTGNFVVGKGWTTGSPFRTINYNAGVWAPNGNAYLTLYGWTRSPLIEYYVVDSWGTYRPTGTYKGTVYSDGGTYDVYTTTRYDAPSIDGDKTTFTQYWSVRQSKRPTGSNATITFSNHVNAWKRYGMNLGSNWSYQVLATEGYQSSGSSNVTVW,Xylanase
1,MNTLVHPQGRAGGLRLLVRAAWALALAALAAMMFGGTARADTITSNQTGTHNGYFYSFWTDAPGTVTMNTGAGGNYSTQWSNTGNFVAGKGWATGGRRTVTYSGTFNPSGNAYLALYGWSQNPLVEYYIVDNWGTYRPTGTYKGTVYSDGGTYDIYMTTRYNAPSIEGTKTFNQYWSVRQNKRTGGTITTGNHFDAWAAHGMPLGTFNYMILATEGYQSSGSSNITVGDSGGDNGGGGGGGGGGGNTGGCTATLSAGEQWSDRYNLNVSVSGSDNWTVTMRVPAPEKVMATWNVTASYPDAQTLVARPNGNGNNWGVTIQKNGSTTWPTVSCSVG,Xylanase
2,MKQVKIMFLMTMFLGIGLLFFSENAEAAITSNEIGTHDGYDYEFWKDSGGSGSMTLNSGGTFSAQWSNVNNILFRKGKKFDETQTHQQIGNMSINYGATYNPNGNSYLTVYGWTVDPLVEFYIVDSWGTWRPPGGTPKGTINVDGGTYQIYETTRYNQPSIKGTATFQQYWSVRTSKRTSGTISVSEHFRAWESLGMNMGNMYEVALTVEGYQSSGSANVYSNTLTIGGQSGGEQATRVEAESMTKGGPYTSNITSPFNGVALYANGDNVSFNHSFTKANSSFSLRGASNNSNMARVDLRIGGQNRGTFYFGDQYPAVYTINNINHGIGNQLVELIVTADDGTWDAYLDYLEIR,Xylanase
3,MKIYGKRRNVVMKTRKKTRWFIAVLLCFALVLPAGGAQAATTITSNEIGTHDGYDYEFWKDSGGSGSMTLNSGGTFSAQWSNINNILFRKGKKFNETQTHQQIGNMSITYGANFQPNGNAYLTVYGWTVDPLVEFYIVDSWGTYRPTGTHKGTINVDGGTYDIYETTRVNQPSIKGTATFKQYWSVRTSKRTSGTISVSEHFRAWESRGMPMGKMYEVAMTVEGYQSSGSANVYSNTLTIGGGNPGGGNPGEGTNPGTVTRVEAENMTKSGQYTGNISSPFNGVALYANNDSVKYTQYFSTSTHSFSLRGASNNANMARVDLKIGGQTKGTFYFGGSSPAVYTLNNVSHGTGNQEIELIVTADDGTWDAYIDYLEIR,Xylanase
4,MTTAQTLPTRTATRPPLPGRVRRLLHRRAVAVAAALAMLCGAVLATPASAQPVYEDTQGYHDGYFYTFWTDAPGTITMNLEPGGSYSTQWGDTGNFVVGKGWSTGTSRTVDYSATFNPSGNGYLALYGWTRGPLVEYYIIEDYGTYRPTGDYKGTFWSDGSYYDIYETTRVEEPSIDGTQTFQQYWSVRHDTRTSGSITTANHFHAWEQAGMPLGTHDYQVMATEGYQSSGSSSVTVHTAP,Xylanase
5,MFKFKKNFLVGLSAALMSISLFSATASAASTDYWQNWTDGGGIVNAVNGSGGNYSVNWSNTGNFVVGKGWTTGSPFRTINYNAGVWAPNGNGYLTLYGWTRSPLIEYYVVDSWGTYRPTGTYKGTVKSDGGTYDIYTTTRYNAPSIDGDRTTFTQYWSVRQTKRPTGSNATITFSNHVNAWKSHGMNLGSNWAYQVMATEGYQSSGSSNVTVW,Xylanase
6,MFKFKKNFLVGLTAALMSISLFSATASAASTDYWQNWTDGGGTVNAVNGSGGNYSVNWSNTGNFVVGKGWTKGSPSRTINYNAGVWAPNGNGYLALYGWTRSPLIEYYVVDSWGTYRPTGTYKGTVYSDGGTYDIYTTKRYNAPSIEGQHSTFTQYWSVRRSKRPTGNNAKITFSNHVKAWKSHGMNLGSIWSYQVLATEGYQSSGSSNVTVW,Xylanase
7,MFKFKKNFLVGLTAALMSISLFSATASAASTDYWPNWTDGGGTVNAVNGSGGNYSVNWSNTGNFVVGKGWTKGSPSRTINYNAGVWAPNGNGYLALYGWTRSPLIEYYVVDSWGTYRPTGTYKGTVYSDGGTYDIYTTKRYNAPSIEGQHSTFTQYWSVRRSKRPTGNNAKITFSNHVKAWKSHGMNLGSIWSYQVLATEGYQSSGSSNVTVW,Xylanase
8,MNLRKLRLLFVMCIGLTLILTAVPAHARTITNNEMGNHSGYDYELWKDYGNTSMTLNNGGAFSAGNNIGNALFRKGKKFDSTRTHHQLGNISINYNASFNPGGNSYLCVYGWTQSPLAEYYIVDSWGTYRPTGAYKGSFYADGGTYDIYETTRVNQPSIIGIATFKQYWSVRQTKRTSGTVSVSAHFRKWESLGMPIGKMYETAFTVEGYQSSGSANVMTNQLFIGN,Xylanase
9,MFKFVTKVLTVVIAATISFCLSAVPASANTYWQYWTDGGGTVNATNGPGGNYSVTWRDTGNFVVGKGWEIGSPNRTIHYNAGVWEPSGNGYLTLYGWTRNQLIEYYVVDNWGTYRPTGTHRGTVVSDGGTYDIYTTMRYNAPSIDGTQTFQQFWSVRQSKRPTGNNVSITFSNHVNAWRNAGMNLGSSWSYQVLATEGYQSSGRSNVTVW,Xylanase
10,MRQKKLTFILAFLVCFALTLPAEIIQAQIVTDNSIGNHDGYDYEFWKDSGGSGTMILNHGGTFSAQWNNVNNILFRKGKKFNETQTHQQVGNMSINYGANFQPNGNAYLCVYGWTVDPLVEYYIVDSWGNWRPPGATPKGTITVDGGTYDIYETLRVNQPSIKGIATFKQYWSARRSKRTSGTISVSNHFRAWENLGMNMGKMYEVALTVEGYQSSGSANVYSNTLRINGNPLSTISNDESITLDKNN,Xylanase
11,MRTIKFFFAVAIATVAKAQWGGGGASAGQRLTVGNGQTQHKGVADGYSYEIWLDNTGGSGSMTLGSGATFKAEWNASVNRGNFLARRGLDFGSQKKATDYSYIGLDYTATYRQTGSASGNSRLCVYGWFQNRGVQGVPLVEYYIIEDWVDWVSDAQGRMVTIDGAQYKIFQMDHTGPTINGGSETFKQYFSVRQQKRTSGHITVSDHFKEWAKQGWGIGNLYEVALNAEGWQSSGIADVTKLDVYTTQKGSNPAPTSTGTVPSSSAGGSTANGKKFTVGNGQNQHKGVNDGFSYEIWLDNTGGNGSMTLGSGATFKAEWNAAVNRGNFLARRGLDFGSQKKATDYDYIGLDYAATYKQTASASGNSRLCVYGWFQNRGLNGVPLVEYYIIEDWVDWVPDAQGKMVTIDGAQYKIFQMDHTGPTINGGSETFKQYFSVRQQKRTSGHITVSDHFKEWAKQGWGIGNLYEVALNAEGWQSSGVADVTLLDVYTTPKGSSPATSAAPRTTTRTTTRTKSLPTNYNKCSARITAQGYKCCSDPNCVVYYTDEDGTWGVENNDWCGCGVEQCSSKITSQGYKCCSDPNCVVFYTDDDGKWGVENNDWCGCGFF,Xylanase
12,MKRKVKKMAAMATSIIMAIMIILHSIPVLAGRIIYDNETGTHGGYDYELWKDYGNTIMELNDGGTFSCQWSNIGNALFRKGRKFNSDKTYQELGDIVVEYGCDYNPNGNSYLCVYGWTRNPLVEYYIVESWGSWRPPGATPKGTITQWMAGTYEIYETTRVNQPSIDGTATFQQYWSVRTSKRTSGTISVTEHFKQWERMGMRMGKMYEVALTVEGYQSSGYANVYKNEIRIGANPTPAPSQSPIRRDAFSIIEAEEYNSTNSSTLQVIGTPNNGRGIGYIENGNTVTYSNIDFGSGATGFSATVATEVNTSIQIRSDSPTGTLLGTLYVSSTGSWNTYQTVSTNISKITGVHDIVLVFSGPVNVDNFIFSRSSPVPAPGDNTRDAYSIIQAEDYDSSYGPNLQIFSLPGGGSAIGYIENGYSTTYKNIDFGDGATSVTARVATQNATTIQVRLGSPSGTLLGTIYVGSTGSFDTYRDVSATISNTAGVKDIVLVFSGPVNVDWFVFSKSGT,Xylanase
13,MKLKKKMLTLLLTASMSFGLFGATSSAATDYWQYWTDGGGMVNAVNGPGGNYSVTWQNTGNFVVGKGWTVGSPNRVINYNAGIWEPSGNGYLTLYGWTRNALIEYYVVDSWGTYRPTGNYKGTVNSDGGTYDIYTTMRYNAPSIDGTQTFQQFWSVRQSKRPTGSNVSITFSNHVNAWRSKGMNLGSSWAYQVLATEGYQSSGRSNVTVW,Xylanase
14,MKTFSVTKSSVVFAMALGMASTAFAQDFCSNAQHSGQKVTITSNQTGKIGDIGYELWDENGHGGSATFYSDGSMDCNITGAKDYLCRAGLSLGSNKTYKELGGDMIAEFKLVKSGAQNVGYSYIGIYGWMEGVSGTPSQLVEYYVIDNTLANDMPGSWIGNERKGTITVDGGTYTVYRNTRTGPAIKNSGNVTFYQYFSVRTSPRDCGTINISEHMRQWEKMGLTMGKLYEAKVLGEAGNVNGEVRGGHMDFPHAKVYVKNGSDPVSSSSVKSSSSTDAPKSSSSKGNGNVSGKIDACKDVMGHEGKETRTQGQNNSSVTGNVGSSPYHYEIWYQGGNNSMTFYDNGTYKASWNGTNDFLARVGFKYDEKHTYEELGPIDAYYKWSKQGSAGGYNYIGIYGWTVDPLVEYYIVDDWFNKPGANLLGQRKGEFTVDGDTYEIWQNTRVQQPSIKGTQTFPQYFSVRKSARSCGHIDITAHMKKWEELGMKMGKMYEAKVLVEAGGGSGSFDVTYFKMTDKAHPLAQPEPESSSSEAKVESSSSTVALHAAPKMELKSGNFQVFDMQGRFLGTVKLDAGASVAQVLKANFKNAGIYMVKQGNFMQRVAVK,Xylanase
15,MFLKKLSKLLLVVLLVAVYTQVNAQTSITLTSNASGTFDGYYYELWKDTGNTTMTVYTQGRFSCQWSNINNALFRTGKKYNQNWQSLGTIRITYSATYNPNGNSYLCIYGWSTNPLVEFYIVESWGNWRPPGATSLGQVTIDGGTYDIYRTTRVNQPSIVGTATFDQYWSVRTSKRTSGTVTVTDHFRAWANRGLNLGTIDQITLCVEGYQSSGSANITQNTFSQGSSSGSSGGSSGSTTTTRIECENMSLSGPYVSRITNPFNGIALYANGDTARATVNFPASRNYNFRLRGCGNNNNLARVDLRIDGRTVGTFYYQGTYPWEAPIDNVYVSAGSHTVEITVTADNGTWDVYADYLVIQ,Xylanase
16,MFKFGKKLLTVVLAASMSFGVFAATSSAATDYWQNWTDGGGTVNAVNGSGGNYSVNWQNTGNFVVGKGWTYGTPNRVVNYNAGVFSPSGNGYLTFYGWTRNALIEYYVVDNWGTYRPTGTYKGTVNSDGGTYDIYTTMRYNAPSIDGTQTFPQYWSVRQTKRPIGVNSTITFSNHVNAWASKGMYLGNSWSYQVMATEGYQSSGSSNVTVW,Xylanase
17,MAITLTSNASGTYDGYYYELWKDSGNTTMTVDTGGRFSCQWSNINNALFRTGKKFSTAWNQLGTVKITYSATYNPNGNSYLCIYGWSRNPLVEFYIVESWGTWRPPGATSLGTVTIDGGTYDIYKTTRVNQPSIEGTTTFDQYWSVRTSKRTSGTVTVTDHFKAWAAKGLNLGTIDQITLCVEGYQSSGSANITQNTFSIT,Xylanase
18,MVSFKSLLVAVSALTGALARPFDFLDERDDGNATSVLEARQVTGNSEGYHNGYFYSWWSDGGGYAQYRMGEGSHYQVDWRNTGNFVGGKGWNPGTGRTINYGGSFNPQGNGYLCVYGWTRGPLVEYYVIESYGSYNPGSQAQHRGTVYTDGDTYDLYMSTRYQQPSIDGVQTFNQYWSIRRNKRTSGSVNMQNHFNAWRSAGMNLGNHYYQILATEGYQSSGSSSIYVQTS,Xylanase
19,MVSFTYLLAAVSAVTGAVAAPNPTKVDAQPPSGLLEKRTSPTTGVNNGFYFSFWTDTPSAVTYTNGNGGQFSMNWNGNRGNHVGGKGWNPGAARTIKYSGDYRPNGNSYLAVYGWTRNPLVEYYIVENFGTYNPSSGAQKKGEINIDGSIYDIAVSTRNCAPSIEGDCKTFQQYWSVRRNKRSSGSVNTGAHFNAWAQAGLRLGSHDYQILAVEGYQSSGQATMTVS,Xylanase
20,MNHAPASLKSRRRFRPRLLIGKAFAAALVAVVTMIPSTAAHAAVTSNETGYHDGYFYSFWTDAPGTVSMELGPGGNYSTSWRNTGNFVAGKGWATGGRRTVTYSASFNPSGNAYLTLYGWTRNPLVEYYIVESWGTYRPTGTYMGTVTTDGGTYDIYKTTRYNAPSIEGTRTFDQYWSVRQSKRTSGTITAGNHFDAWARHGMHLGTHDYMIMATEGYQSSGSSNVTLGTSGGDNPGGGNPPGGGNPPGGGGCTATLSAGQQWNDRYNLNVNVSGSNNWTVTVNVPWPARIIATWNIHASYPDSQTLVARPNGNGNNWGMTIMHNGNWTWPTVSCSAN,Xylanase
21,MRTIKFFFAVAIATVAKAQWGGGGASAGQRLTVGNGQNQHKGVADGYSYEIWLDNTGGSGSMTLGSGATFKAEWSASVNRGNFLARRGLDFGSQKKATDYSYIGLDYTATYRQTGSASGNSRLCVYGWFQNRGVQGVPLVEYYIIEDWVDWVPDAQGRMVTIDGAQYKIFQMDHTGPTINGGSETFKQYFSVRQQKRTSGHITVSDHFKEWAKQGWGIGNLYEVALNAEGWQSSGIADVTKLDVYTTQKGSNPAPTSTGTVPSSSAGGSTANGKKFTVGNGQNQHKGVNDGFSYEIWLDNTGGNGSMTLGSGATFKAEWNAAVNRGNFLARRGLDFGSQKKATDYDYIGLDYAATYKQTASASGNSRLCVYGWFQNRGLNGVPLVEYYIIEDWVDWVPDAQGKMVTIDGAQYKIFQMDHTGPTINGGSETFKQYFSVRQQKRTSGHITVSDHFKEWAKQGWGIGNLYEVALNAEGWQSSGVADVTLLDVYTTPKGFSPATSAAPRTTTRTTTRTKSLPTNYNKCSARITAQGYKCCSDPNCVVYYTDEDGTWGVENNDWCGCGVEQCSSKITAQGYKCCSDPNCVVFYTDDDGKWGVENNDWCGCGF,Xylanase
22,MFKFVTKVLTVVIAATISFCLSAVPASANTYWQYWTDGGGTVNATNGPGGNYSVTWRDTGNFVVGKGWEIGSPNRTIHYNAGVWEPSGNGYLTLYGWTRNQLIEYYVVDNWGTYRPTGTHRGTVVSDGGTYDIYTTMRYNAPSIDGTQTFQQFWSVRQSKRPTGNNVSVTFSNHVNAWRNAGMNLGSSWSYQVLATEGYQSSGRSNVTVW,Xylanase
23,MVSLKSLLLTAATALAFPLEAFNATEGFNATSLHELMVRAGTSSGTGTHNGWYYSFWTDGGGTVWYTNGNGGSYSVNWQNCGNFVGGKGWRTGAAATIKYSGNYNPSGNSYLAIYGWTRNPLVEYYIVESYGTYDPSSGAQNLGTFQSDGGTYKIAKSTRYNAPSIEGTKTFTQYWSVRTSKRVGGTVTVANHFNAWKSKGLNLGSHDYQIVATEGYKSSGSASITVQSG,Xylanase
24,MVNFSTLFLAASTAALAAAAPSIEKRQTLTSSATGIHNGYYYSFWTDGQGNIRFNLESGGQYSVTWSGNGNWVGGKGWNPGIDNRVINYTADYRPNGNSYLAVYGWTRNPLIEYYVVESFGTYDPSTGATRMGSVTTDGGTYNIYRSQRVNAPSIEGTSTFYQYWSVRTAKRTGGTVTMANHFNAWRQAGLQLGTHDYQIVATEGYYSSGSATVNVGGSATGGGNNGGGNNGGGNNGGGNNGGGNGGANVSISKPMRVEKLTMLAIA,Xylanase
25,ATVITTNQTGTNNGFYYSFWTDGGGSVSMTLNSGGNYSTSWTNCGNFAAGKGWSNGGRRNVQYSGSFYPSGNGYLALYGWTSNPLVEYYIVDNWGNYRPTGTYKGTVTSGGGTYDVYQTTRYNAPSVEGTKTFNQYWSVRQSKRTGGTITTGNHFDAWARYGMQLGSFSYYMILATEGYQSSGSSNITVSG,Xylanase
26,MFKFVTKVLTVVIAATISFCLSAVPASANTYWQYWTDGGGTVNATNGPGGNYSVTWRDTGNFVVGKGWEIGSPNRTIHYNAGVWEPSGNGYLTLYGWTRNQLIEYYVVDNWGTYRPTGTHRGTVVSDGGTYDIYTTMRYNAPSIDGTQTFQQFWSVRQSKRPTGNNVSITFSNHVNAWRNAGMNLGSSWSYQVLATEGYQSSGRSNVTVW,Xylanase
27,MNLRKLRLLFVMCIGLTLILTAVPARARTITNNEMGTHSGYDYELWKDYGNTSMTLNNGGAFTAGWNSIGNALFRKGKKFDSTKTHHQLGNISINYNANFNPGGNSYLCVYGWTQSPLAEYYIVDSWGTYRPTGAYKGSFSADGDTYDIYETTRVNQPSIIGIATFKQYWSVRQTKRTSGTVSVSAHFNKWESLGMPMGKMYETAFTVEGYQSSGSANVMTNQLFIGN,Xylanase
28,MNLKRLRLLFVMCIGFVLTLTAVPAHAETIYDNRIGTHSGYDFELWKDYGNTSMTLNNGGAFSASWNNIGNALFRKGKKFDSTKTHHQLGNISINYNAAFNPGGNSYLCVYGWTQSPLAEYYIVESWGTYRPTGTYKGSFYADGGTYDIYETLRVNQPSIIGDATFKQYWSVRQTKRTSGTVSVSEHFKKWESLGMPMGKMYETALTVEGYRSNGSANVMTNQLMIR,Xylanase
29,MNTLVHPQGRAGGLRLLVRAAWALALAALAAMMVGGTARADTITSNQTGTHNGYFYSFWTDAPGTVTMNTGAGGNYSTQWSNTGNFVAGKGWATGGRRTVTYSGTFNPSGNAYLALYGWSQNPLVEYYIVDNWGTYRPTGTYKGTVDSDGGTYDIYMTTRYNAPSIEGTKTFNQYWSVRQNKRTGGTITTGNHFDAWAAHGMPLGTFNYMILATEGYQSSGSSNITVGDSGGDNGGGGGGGGGGGNTGGCTATLSAGEQWSDRYNLNVSVSGSDNWTVTMRVPAPEKVMATWNVTASYPDAQTLVARPNGNGNNWGVTIQKNGSTTWPTVSCSVG,Xylanase
30,MFKFGKKLMTVVLAASMSFGVFAATSSAATDYWQNWTDGGGTVNAVNGSGGNYSVSWQNTGNFVVGKGWTYGTPNRVVNYNAGVFAPSGNGYLTFYGWTRNALIEYYVVDSWGTYRPTGTYKGTVNSDGGTYDIYTTMRYNAPSIDGTQTFPQYWSVRQSKRPTGVNSTITFSNHVNAWPSKGMYLGNSWSYQVMATEGYQSSGNANVTVW,Xylanase
31,MTKDNTPIRPVSRRGFIGRAGALALATSGLMLPGTARADTVITTNQTGTNNGYYYSFWTDGGGSVSMNLASGGSYGTSWTNCGNFVAGKGWANGARRTVNYSGSFNPSGNAYLTLYGWTANPLVEYYIVDNWGTYRPTGTYKGTVTSDGGTYDVYQTTRVNAPSVEGTKTFNQYWSVRQSKRTGGSITAGNHFDAWARYGMPLGSFNYYMIMATEGYQSSGSSSISVS,Xylanase
32,MNEPLTITQARRRRRLGLRRIVTSAFALALAIAGALLPGTAHADTTITQNQTGYDNGYFYSFWTDAPGTVSMTLHSGGSYSTSWRNTGNFVAGKGWSTGGRRTVTYNASFNPSGNAYLTLYGWTRNPLVEYYIVESWGTYRPTGTYKGTVTTDGGTYDIYETWRYNAPSIEGTRTFQQFWSVRQQKRTSGTITIGNHFDAWARAGMNLGSHDYQIMATEGYQSSGSSTVSISEGGNPGNPGNPGNPGNPGNPGNPGGGCVATLSAGQQWSDRYNLNVSVSGSNNWTVRMDVPYPARIIATWNIHAQWPESQVLIARPNGNGNNWGVTIQHNGNWTWPTVTCTAN,Xylanase
33,QIVTDNSIGNHDGYDYEFWKDSGGSGTMILNHGGTFSAQWNNVNNILFRKGKKFNETQTHQQVGNMSINYGANFQPNGNAYLCVYGWTVDPLVEYYIVDSWGNWRPPGATPKGTITVDGGTYDIYETLRVNQPSIKGIATFKQYWSVRRSKRTSGTISVSNHFRAWENLGMNMGKMYEVALTVEGYQSSGSANVYSNTLRINGNPLSTISNDESITLDKNN,Xylanase
34,MFKFKKNFLVGLSAALMSISLFSATASAASTDYWQNWTDGGGIVNAVNGSGGNYSVNWSNTGNFVVGKGWTTGSPFRTINYNAGVWAPNGNGYLTLYGWTRSPLIEYYVVDSWGTYRPTGTYKGTVKSDGGTYDIYTTTRYNAPSIDGDRTTFTQYWSVRQSKRPTGSNATITFTNHVNAWKSHGMNLGSNWAYQVMATEGYQSSGSSNVTVW,Xylanase
35,EIVTDNSTGNHDGYDYEFWKDSGGSGTMILNSGGTFSASWSSVSNILFRKGKKFNETQTHQQVGNMSISYGANFQPSGNAYLCVYGWTVSPLVEYYIVDSWGNWRPPGATPKGTITVDGGTYDIYETDRTNQPSIKGVATFSQYWSTRRSKRTSGTISVSNHFRAWESLGMNMGDMYEVALTVEGYQSSGSANVYSNTLRINGNPL,Xylanase
36,ATTITSNQTGTHDGYDYELWKDSGNTSMTLNSGGAFSAQWSNIGNALFRKGKKFDSTKTHSQLGNISINYNATFNPGGNSYLCVYGWTKDPLTEYYIVDNWGTYRPTGTPKGTFTVDGGTYDIYETTRINQPSIIGIATFKQYWSVRQTKRTSGTVSVSEHFKKWESLGMPMGKMYETALTVEGYQSNGSANVTANVLTIGGKPL,Xylanase
37,MISLKRVAALLCVAGLGMSAANAQTCLTSSQTGTNNGFYYSFWKDSPGTVNFCLQSGGRYTSNWSGINNWVGGKGWQTGSRRNITYSGSFNSPGNGYLALYGWTTNPLVEYYVVDSWGSWRPPGSDGTFLGTVNSDGGTYDIYRAQRVNAPSIIGNATFYQYWSVRQSKRVGGTITTGNHFDAWASVGLNLGTHNYQIMATEGYQSSGSSDITVSEGGSSSGGGSSTSSSSGGGGTKSFTVRARGTAGGESITLRVNNQNVQTWTLGTSMTNYTASTSLSGGITVVYTNDSGNRDVQVDYIVVNGQTRQSEAQSYNTGLYANGRCGGGSNSEWMHCNGAIGYGNTP,Xylanase
38,MRLGVALSTIAVLLTATSARNLDKRQWGWPNFGGGNGGNGGNGGKTINDYKREQGAGRDIHVYAPSNLAPNSPLLLSLHGMDQDPNYQQSNTHWETLADSEGFVVVYPRGGTGMSTWDIQGTKDTQWVSQIIDQMKKEYNIDTKRVYLSGFSMGGMFTYHAMSQIANKIAAFAPCSGPNVFGASKAQRPVPIFHVHGTNDDVLNYQQVEGFLKNYRDQFHCPSQADTKTNYPNRENPNATLYTWGPCDKGVYIKHLKLQGRGHSPSSADIQDIWDFVSQWTVDGPVSASGNGGGNTTPTNPSTGGNGNGNGGGNTTPTNPSTGGNGNGNGGSTDKCSSNITKQGYKCCASNCEVVYTDSDGDWGVENDQWCGCGNRVTVGSGTCSAKILQQGYKCCPSGCIIYYTDEDGTWGVNGEEWCGCGSGSSSTGGGNDAPSSGSGYQGANGTNFCNNAKHSGESVTVTSNKVGDINGIGYELWADSGNNSATFYDDGSFSCSFQRAKDYLCRSGLSFDSTKTHKQIGHIYAEFKLVKQNIQNVDYSYVGIYGWTRNPLVEFYVVDNWLSQWRPGDWVGNKKHGDFTIGGAQYTVYENTRYGPSIDGDTNFKQYFSIRQQPRDCGTIDITAHFEQWEKLGMTMGKMHEAKVLGEAGSNNGGTSGTADFPFAKVYVKN,Xylanase
39,GTTPNSEGWHDGYYYSWWSDGGGDSTYTNNSGGTYEITWGNGGNLVGGKGWNPGLNARAIHFTGVYQPNGTSYLSVYGWTRNPLVEYYIVENFGSSNPSSGSTDLGTVSCDGSTYTLGQSTRYNAPSIDGTQTFNQYWSVRQDKRSSGTVQTGCHFDAWASAGLNVTGDHYYQIVATEGYFSSGYARITVADVG,Xylanase
40,MKFTLTIAGLLAVGSTAAPTTEKRNPGGIDYVQNYNGDVADFQYNEGAGTYTCGWDGSTDFVVGLGWSTGAARDITYSATYNAGGSGSYLAVYGWVNSPQAEYYIVESYGDYNPCSNAEGLGTLESDGSTYTVCTDTRTNEPSITGTSTFTQYWSVRQSERTSGTVTVGNHFNYWAQHGFGDSYNFQVMAVEAFSGSGSASVSVS,Xylanase
41,MVGFTPVALAALAATGALAFPAGNATELEKRQTTPNSEGWHDGYYYSWWSDGGAQATYTNLEGGTYEISWGDGGNLVGGKGWNPGLNARAIHFEGVYQPNGNSYLAVYGWTRNPLVEYYIVENFGTYDPSSGATDLGTVECDGSIYRLGKTTRVNAPSIDGTQTFDQYWSVRQDKRTSGTVQTGCHFDAWARAGLNVNGDHYYQIVATEGYFSSGYARITVADVG,Xylanase
42,QTIGPGTGYSNGYYYSYWNDGHAGVTYTNGGGGSFTVNWSNSGNFVAGKGWQPGTKNKVINFSGSYNPNGNSYLSIYGWSRNPLIEYYIVENFGTYNPSTGATKLGEVTSDGSVYDIYRTQRVNQPSIIGTATFYQYWSVRRNHRSSGSVNTANHFNAWASHGLTLGTMDYQIVAVEGYFSSGSASITVS,Xylanase
43,MVAFTSLLAGFTAITGVLSAPTEVEVVDVEKRQTIGPGTGTNNGYYYSYWNDGHAGVTYTNGASGSFSVNWVNSGNFVGGKGWNPGSSTRTINYSGSYNPNGNSYLSVYGWSKNPLIEYYIVENFGTYNPSTGTTKLGEVTSDGSVYDIYRTQRVNQPSIIGTATFYQYWSVRRNHRSSGSVNVGNHFNAWRNLGLTLGQLDYQILAVEGYFSSGNANINVS,Xylanase
44,MVAFTSLLAGFAAVAGVLSAPTEDVQVEKRQVIGPGTGFNNGYYYSYWNDGHAGVTYTNGAGGSFSVNWANSGNFVGGKGWNPGSSTRTINFSGSYSPNDNSYLSVYGWSKNPLIEYYIVENFGTYNPSTGATKLGEVTLDGSVYDIYRTQRVNQPSIIGTATFYQYWSVRRSHRSSGSVNVGNHFNAWRNLGLTLGQLDYQIIAVEGYFSSGSANINVS,Xylanase
45,MFKFKKNFLVGLSAALMSISLFSATASAASTDYWQNWTDGGGIVNAVNGSGGNYSVNWSNTGNFVVGKGWTTGSPFRTINYNAGVWAPNGNGYLTLYGWTRSPLIEYYVVDSWGTYRPTGTYKGTVKSDGGTYDIYTTTRYNAPSIDGDRTTFTQYWSVRQSKRPTGSNATITFSNHVNAWKSHGMNLGSNWAYQVMATEGYQSSGSSNVTVW,Xylanase
46,MKVTAAFAGLLVTAFAAPVPEPVLVSRSAGINYVQNYNGNLGDFTYDESAGTFSMYWEDGVSSDFVVGLGWTTGSSNAITYSAEYSASGSSSYLAVYGWVNYPQAEYYIVEDYGDYNPCSSATSLGTVYSDGSTYQVCTDTRTNEPSITGTSTFTQYFSVRESTRTSGTVTVANHFNFWAQHGFGNSDFNYQVMAVEAWSGAGSASVTISS,Xylanase
47,MKVTAAFAGLLVTAFAAPVPEPVLVSRSAGINYVQNYNGNLGDFTYDESAGTFSMYWEDGVSSDFVVGLGWTTGSSKAITYSAEYSASGSSSYLAVYGWVNYPQAEYYIVEDYGDYNPCSSATSLGTVYSDGSTYQVCTDTRTNEPSITGTSTFTQYFSVRESTRTSGTVTVANHFNFWAQHGFGNSDFNYQVMAVEAWSGAGSASVTISS,Xylanase
48,ETIQPGTGYNNGYFYSYWNDGHGGVTYTNGPGGQFSVNWSNSGNFVGGKGWQPGTKNKVINFSGSYNPNGNSYLSVYGWSRNPLIEYYIVENFGTYNPSTGATKLGEVTSDGSVYDIYRTQRVNQPSIIGTATFYQYWSVRRNHRSSGSVNTANHFNAWAQQGLTLGTMDYQIVAVEGYFSSGSASITVS,Xylanase
49,MVSFSYLLLACSAIGALAAPVEPETTSFNETALHEFAERAGTPSSTGWNNGYYYSFWTDGGGDVTYTNGAGGSYSVNWRNVGNFVGGKGWNPGSARTINYGGSFNPSGNGYLAVYGWTTNPLIEYYVVESYGTYNPGSGGTFRGTVNTDGGTYNIYTAVRYNAPSIEGTKTFTQYWSVRTSKRTGGTVTMANHFNAWSRLGMNLGTHNYQIVATEGYQSSGSASITVY,Xylanase
50,ALTSNASGTFDGYYYELWKDTGNTTMTVYTQGRFSCQWSNINNALFRTGKKYNQNWQSLGTIRITYSATYNNGNSYLCIYGWSTNPLVEFYIVESWGNWRPPGATSLGQVTIDGGTYDIYRTTRVNQPSIVGTATFDQYWSVRTSKRTSGTVTVTDHFRAWANRGLNLGTIDQITLCVEGYQSSGSANITQNTFSQSS,Xylanase
51,MKVTAAFASLLLTAFAAPAPEPVLVSRSAGINYVQNYNGNLGDFTYDESTGTFSMYWEDGVSSDFVVGLGWTTGSSKSITYSAQYSASSSSSYLAVYGWVNSPQAEYYIVEDYGDYNPCSSATSLGTVYSDGSTYQVCTDTRTNAPSITGTSTFTQYFSVRESTRTSGTVTIANHFNFWAQHGFGNSNFNYQVMAVEAWNGAGSASVTISS,Xylanase
52,MMIGITSFALAALAATGALAFPTGNTTELEKRQTTPNSEGWHDGYYYSWWSDGGAQATYTNLEGGTYEISWGDGGNLVGGKGWNPGLNARAIHFDGVYQPNGNSYLAVYGWTRNPLVEYYIVENFGTYDPSSDATDLGTVECDGSTYRLGKSTRYNAPSIDGIQTFDQYWSVRQNKRSSGTVQTGCHFDAWARAGLNVNGDHYYQIVATEGYFSSGYARITVADVG,Xylanase
53,MPSLTSLFSFFALASGAFSATADLSKRESYTSSSTGTSNGYYYSFWTDGQGDITYSNGAAGEYSVTWSGDGNFVAGKGWNPGGSREVTFKGSYNPNGNSYLSVYGWTQNPLIEFYIVEDFGTYNPSSGATKKGTVTSDGSVYDIYTSERVNQPSIEGTATFTQYWSVRQNKRSEGTVTTGNHFNAWKNLGMDLGSFNYMIVATEGYYSSGSADITVS,Xylanase
54,MVAPSSLLLLGAASAGVIAAPATDTPEVHELARRQATPNSQGTHDGFFYSWWSDGGAPVTYTNLADGSYSVEWQSGGNLVGGKGWNPGVDARAITISGTYSPNGNSYLAVYGWMRSPLVEYYIVENFGTYDPSSQAERLGTVNCDGSVYDVARATRTNAPSIDGTQTFTQYWSVRRNKRTGGTVRTGCHFDAWRAAGLPIGQHDYQIVATEGYFSSGSARITVSDSG,Xylanase
55,MVSFTSLLAASPPSRASCRPAAEVESVAVEKRQTIQPGTGYNNGYFYSYWNDGHGGVTYTNGPGGQFSVNWSNSGNFVGGKGWQPGTKNKVINFSGSYNPNGNSYLSVYGWSRNPLIEYYIVENFGTYNPSTGATKLGEVTSDGSVYDIYRTQRVNQPSIIGTATFYQYWSVRRNHRSSGSVNTANHFNAWAQQGLTLGTMDYQIVAVEGYFSSGSASITVS,Xylanase
56,MVAFSSLICALTSIASTLAMPTGLEPESSVNVTERGMYDFVLGAHNDHRRRASINYDQNYQTGGQVSYSPSNTGFSVNWNTQDDFVVGVGWTTGSSAPINFGGSFSVNSGTGLLSVYGWSTNPLVEYYIMEDNHNYPAQGTVKGTVTSDGATYTIWENTRVNEPSIQGTATFNQYISVRNSPRTSGTVTVQNHFNAWASLGLHLGQMNYQVVAVEGWGGSGSASQSVSN,Xylanase
57,MMIGITSFALAALAATGALAFPTGNTTELEKRQTTPNSEGWHDGYYYSWWSDGGAQATYTNLEGGTYEISWGDGGNLVGGKGWNPGLNARAIHFDGVYQPNGNSYLAVYGWTRNPLVEYYIVENFGTYDPSSDATDLGTVECDGSTYRLGKSTRYNAPSIDGIQTFDQYWSVRQNKRSSGTVQTGCHFDAWARAGLNVNGDHYYQIVATEGYFSSGYARITVADVG,Xylanase
58,MNLKRLRLLFVMCIGFVLTLTAVPAHAETIYDNRIGTHSGYDFELWKDYGNTSMTLNNGGAFSASWNNIGNALFRKGKKFDSTKTHHQLGNISINYNAAFNPGGNSYLCVYGWTQSPLAEYYIVESWGTYRPTGTYKGSFYADGGTYDIYETLRVNQPSIIGDATFKQYWSVRQTKRTSGTASVSEHFKKWESLGMPMGKMYETALTVEGYRSNGSANVMTNQLMIR,Xylanase
59,MFKFGKKLMTVVLAASMSFGVFAATSSAATDYWQNWTDGGGTVNAVNGSGGNYSVSWQNTGNFVVGKGWTYGTPNRVVNYNAGVFAPSGNGYLTFYGWTRNALIEYYVVDSWGTYRPTGTYKGTVNSDGGTYDIYTTMRYNAPSIDGTQTFPQYWSVRQSKRPTGVNSTITFSNHVNAWPSKGMYLGNSWSYQVMATEGYQSSGNANVTVW,Xylanase
60,MKVTAAFAGLLVTAFAAPVPEPVLVSRSAGINYVQNYNGNLGDFTYDESAGTFSMYWEDGVSSDFVVGLGWTTGSSNAITYSAEYSASGSSSYLAVYGWVNYPQAEYYIVEDYGDYNPCSSATSLGTVYSDGSTYQVCTDTRTNEPSITGTSTFTQYFSVRESTRTSGTVTVANHFNFWAQHGFGNSDFNYQVMAVEAWSGAGSASVTISS,Xylanase
61,MLTKNLLLCFAAAKAVLAVPHDSVVERSDALHKLSERSTPSSTGENNGFYYSFWTDGGGDVTYTNGDAGSYTVEWSNVGNFVGGKGWNPGSAQDITYSGTFTPSGNGYLSVYGWTTDPLIEYYIVESYGDYNPGSGGTYKGTVTSDGSVYDIYTATRTNAASIQGTATFTQYWSVRQNKRVGGTVTTSNHFNAWAKLGMNLGTHNYQIVATEGYQSSGSSSITVQ,Xylanase
62,MVSFSYLLLACSAIGALAAPVEPETTSFNETALHEFAERAGTPSSTGWNNGYYYSFWTDGGGDVTYTNGAGGSYSVNWRNVGNFVGGKGWNPGSARTINYGGSFNPSGNGYLAVYGWTTNPLIEYYVVESYGTYNPGSGGTFRGTVNTDGGTYNIYTAVRYNAPSIEGTKTFTQYWSVRTSKRTGGTVTMANHFNAWSRLGMNLGTHNYQIVATEGYQSSGSASITVY,Xylanase
63,MARLSQFLLTCALAVKAFAAPAAEAEPVEERGPNFFSALTERSTGSSTGYSNGYYYSFWTDGASGDVEYSNGAGGSYSVTWSSASNFVGGKGWNPGSAHDITYSGSWTSTGNSNSYLSVYGWTTGPLVEYYILEDYGEYNPGSAGTYKGTVYSDGSTYNIYTATRTNAPSIQGTATFTQYWSIRQTKRVGGTVTTANHFNAWAKLGMNLGTHNYQIVATEGYYSSGSASITVA,Xylanase
64,MKFFATIAALVVAAVAAPVAEADAEASSPMLIERAGPGGINYVQNYNGNLGQFTYNENAGTYSMYWTNGVSGDFVVGLGWSTGAARSITYSSSYTASGGSYLSVYGWINSPQAEYYIVESYGSYNPCGAGQSGVTQLGTVVSDGATYTVCTDERVNEPSITGTSTFKQYWSVRQTKRTSGTVTTGNHFAYWAKYGFGNSYNFQVMAVEAFSGTGSASVTVS,Xylanase
65,MVASAAPVTEAEDGQAATPIAIEKRTGNYVQNYNGNVANFEYSQYDGTFSVNWNGNTDFVCGLGWTVGTGRTITYSGSYNPGYSGSYQAIYGWTGQGSLSEYYVIDNYGGYNPCTGSGVTQLGSLYSDGSSYQVCTHTQYNQPSIVGTTTFPQYFSVRQNKRSSGSVNMQNHFNYWAQHGFPNRNFNYQVLAVEGFSGSGNANMKLISG,Xylanase
66,MKSFIAYLLASVAVTGVMAVPGEYHKRHDKRQTITSSQTGTNNGYYYSFWTNGGGTVQYTNGAAGEYSVTWENCGDFTSGKGWSTGSARDITFEGTFNPSGNAYLAVYGWTTSPLVEYYILEDYGDYNPGNSMTYKGTVTSDGSVYDIYEHQQVNQPSISGTATFNQYWSIRQNTRSSGTVTTANHFNAWAKLGMNLGSFNYQIVSTEGYESSGSSTITVS,Xylanase
67,MHAFSYLAVALSALPLLQAAPTSVQKRGAHNFMLSPDHPLMVAKRNASLARRSSTNYDQDYTTGGSVYFAPASGEFYVSWDTTDDFVVGVGWNPGSTEPITHGGSFNVDSGLASLSVYGWSTNPLVEYYIIDDEVDLPLSGTEKGTVYSDGSTYTIWENQRVDEPSIEGTSTFNQYISIRDSPRVSGTVTVENHFQAWANLGMDLGTLNFQVIAIESWDGSGNAYQTVSN,Xylanase
68,MKVTAAFASLLLTAFAAPAPEPVLVSRSAGINYVQNYNGNPGDFTYDESAGTFSMYWEDGVSSDFVIGLGWTTGSSKSITYSAQYSASSSSSYLAVYGWVNSPQAEYYIVEDYGNYNPCSSATSLGTVYSDGSTYQVCTDTRTNAPSITGTSTFTQYFSVRESTRTSGTVTVANHFNFWAQHGFGNSNFNYQVMAVEAWNGAGSASVTISS,Xylanase
69,MVASAAPVVEAEDGQAATPIAIEKRTGNYFQNYNGNVANVKYSQYDGTFSVNWNGDTDFVCGLGWTVGTGRSIRYSGSYNPGYSGSYQAIYGWTGQGSLSEYYVIDNYGGYNPCTGSGVTQLGNLYSDGSSYQVCTHTQYNQPSIVGTTTFPQFFSVRQNKRSSGSVNMQNHFNYWAQHGFPNRNFDYQVLAVEGFSGSGNANMKLISG,Xylanase
70,MKVTAAFAGLLVTALAAPAPEPVLVSRSAGINYVQNYNGNLGDFTYDESAGTFSMYWEDGVSSDFVVGLGWTTGSSNPITYSADYSASGSSSYLAVYGWDNYPQAEYYIVEDYGDYNPCSSATSLGTVYSDGSTYQVCTDTRTNEPSITGTSTFTQYFSVRESTRTSGTVTVANHFNFWAQHGFGNSDFNYQVVAVEAWSGAGSASVTISS,Xylanase
71,MKVTAAFAGLLATTLAAPATELVTRSINYVQNYNGNLGAFSYNEGAGTFSMYWQQGVSNDFVVGLGRSTGSSNPITYSASYSASGGSYLAVYGWVNSPQAEYHVVEAYGNYNPCSSGSATNLGTVSSDGGTYQVCTDTRVNQPSITGTSTFTQFFSVRQGSRTSGTVTIANHFNFWAKHGFGNSNFNYQVVAVEAWSGTGTASVTVSA,Xylanase
72,MKVTAAFASLLLTAFAAPAPEPVLVSRSAGINYVQNYNGNLGDFTYDESTGTFSMYWEDGVSSDFVVGLGWTTGSSKSITYSAQYSASSSSSYLAVYGWVNSPQAEYYIVEDYGDYNPCSSATSLGTVYSDGSTYQVCTDTRRTRPSITGTSTFTQYFSVRESTRTSGTVTIANHFNFWAQHGFGNSNFNYQVMAVEAWNGVGSASVTISS,Xylanase
73,MLTKNLLLCFAAAKAVLAVPHDSVVERSDALHKLSERSTPSSTGENNGYYYSFWTDGGGDVTYTNGNAGSYSVEWSNVGNFVGGKGWNPGSAKDITYSGTFTPSGNGYLSVYGWTTDPLIEYYIVESYGDYNPGSGGTYKGTVTSDGSVYDIYTATRTNAPSIQGTATFTQYWSVRQNKRVGGTVTTSNHFNAWAKLGMNLGTHNYQILATEGYQSSGSSSITIQ,Xylanase
74,MAYKSLLFLALIAVTATALDVFDNSTEVIGKRSIPNGEGTNNGYFYSVYSDTTVTGTYTNGPGGEYTLTWGGSGDVVVGKGWNPGGPMSVEYSGTYSPNGNSYLSVYGWMTSPLVEYYITDSFGDYNPSTGGTHLGTCTSDGGVYDIYTQTRTNAPSIQGTATFQQYWSIRQTHRVGGTVTTGNHYSCWESVGLPLGTFNYIILATEGYSSSGTSTITVGQGTGTGSSAPSGPSSTTTTPPTAPTGGTVAQWGQCGGIGYSGPTTCASPYTCTVANAYYSQCL,Xylanase
75,MVSFSNLFMAACAAVTAFALPNELDKRALTTSKQGTSDGYFYSFWTNGGGSVSYENGAAGQYSVTWKNCDSFTSGKGWATGSARNIKFSGSFKPSGNAYLAVYGWTTSPLVEYYIMESYGEYNPGSSMTFKGTVTSDGSVYDIYTHKQVNQPSIVADSSTFDQYWSIRRNKRSSGTVTTANHFNAWSKLGMGMGSHGYQIVSTEGYKSSGSSSITVS,Xylanase
76,MVSFNSLLVAVSAATCALAFPFEFHNGTHVFPRQSTPAGTGTNNGYFYSFWTDGGGSVTYNNGPAGEYSVTWSNADNFVAGKGWNPGSAQAISFTANYQPNGNSYLSVYGWSTNPLVEYYILEDFGTYNPAVSLTHKGTLTSDGATYDVYEGTRVNEPSIQGTATFNQYWSIRSSKRSSGTVTTANHFAAWKQLGLPLGTFNYQIVATEGYQSSGSSTVTVNPAGGVTSPTAPTGPSSVSTTPSGPSSSPSPVGSCAALYGQCGGQGWTGPTCCSSGTCKFSNDWYSQCL,Xylanase
77,MLTKNLLLCFAAAKAALAVPHDSVAQRSDALHMLSERSTPSSTGENNGFYYSFWTDGGGDVTYTNGDAGAYTVEWSNVGNFVGGKGWNPGSAQDITYSGTFTPSGNGYLSVYGWTTDPLIEYYIVESYGDYNPGSGGTYKGTVTSDGSVYDIYTATRTNAASIQGTATFTQYWSVRQNKRVGGTVTTSNHFNAWAKLGMNLGTHNYQIVATEGYQSSGSSSITVQ,Xylanase
78,MKFFATIAALVVAAVAAPVAEAEAEASSPMLIERAGPGGINYVQNYNGNLGQFTYNENAGTYSMYWNNGVNGDFVVGLGWSTGAARSITYSSNYQASGGSYLSVYGWINSPQAEYYIVESYGSYNPCGAGQSGVTQLGTVYSDGATYTVCTDTRTNQPSITGTSTFKQYWSVRQTKRTSGTVTTGNHFAYWAKYGFGNSYNFQVMAVEAFSGTGSASVTVS,Xylanase
79,MLTKNLLLCFAAAKAALAVPHDSVAQRSDALHMLSERSTPSSTGENNGFYYSFWTDGGGDVTYTNGDAGAYTVEWSNVGNFVGGKGWNPGSAQDITYSGTFTPSGNGYLSVYGWTTDPLIEYYIVESYGDYNPGSGGTYKGTVTSDGSVYDIYTATRTNAASIQGTATFTQYWSVRQNKRVGGTVTTSNHFNAWAKLGMNLGTHNYQIVATEGYQSSGSSSITVQ,Xylanase
80,MLTKNLLLCFAAAKAVLAVPHDSVVERSDALHKLSERSTPSSTGENNGFYYSFWTDGGGDVTYTNGDAGSYTVEWSNVGNFVGGKGWNPGSAQDITYSGTFTPSGNGYLSVYGWTTDPLIEYYIVESYGDYNPGSGGTYKGTVTSDGSVYDIYTATRTNAASIQGTATFTQYWSVRQNKRVGGTVTTSNHFNAWAKLGMNLGTHNYQIVATEGYQSSGSSSITVQ,Xylanase
81,MKQKMRIVFSMLMCITILLASSAVGVLAATKTITSNETGNFEGYDYEYWKDNGTGTMTLTGGGTFSCSWSNINNILFRTGKKLGSTKTYKDYGKISINYDCNYQPNGNSYMAVYGWTEDPLVEYYIIDSYGTWNPGSNSTLKGTTTVDGRTYQIYQNSRTGPSIKGNNTTFQQYWSICTSKRTSGTITVSDHFKAWENLGMKMGKMYEVSMVVEGYQSSGKADMTKMDLIMGDTPPVIVDQPTPEKLLGDVDNNGTVNALDLAIYKKFLLGMIPSLPATGDVDQNGRMNAIDFAMIKQHLLGIIKLGKLPTTSEDPNKKLVALTFDDGPSSQTGLVLDKLKKYNAKATFMVIGNKISSADAIMKRIVSEGHEIGNHGWSYDSMANMSASQITQEINQCNSAIKQYTGSDPKFFRPANLATSQTLFQTVKLPFVQGVIAQDWNGASATTAEARAQLVLNGTQDGSIVLMHCTQPGYHPTPEALDIIIPQLQQQGYSFVTLSDLFKLKGKTPQLGTMLNGAF,Xylanase
82,MVSFKSLLLAAVATTSVLAAPFDFLRERDDVNATALLEKRQSTPSAEGYHNGYFYSWWTDGGGSAQYTMGEGSRYSVTWRNTGNFVGGKGWNPGSGRVINYGGAFNPQGNGYLAVYGWTRNPLVEYYVIESYGTYNPSSGAQIKGSFQTDGGTYNVAVSTRYNQPSIDGTRTFQQYWSVRTQKRVGGSVNMQNHFNAWSRYGLNLGQHYYQIVATEGYQSSGSSDIYVQTQ,Xylanase
83,MVAFTSVLLGLSAIGSAFAAPVADVPDFEFSGPKHLAARQDYNQNYKTGGNIQYNPTSNGYSVTFSGAQDFVLGKGWKQGTTRTVKYTGSTQAQAGTVLVALYGWTRGSKLVEYYIQDFTSGGSGSAQGQKMGQVTCDGSVYDIWQHTQVNQPSIVGTTTFVQYISNRVSKRSTGGTITTKCHFDAWAKLGMNLGNQWDYQTISTEGWGNAAGKSQYTVSAA,Xylanase
84,MVAFTSLLAGFAAIAGVLSAPTESSVEVEKRQTIGPGTGYSNGYYYSYWNDGHAGVTYTNGGGGSFTVNWSNSGNFVGGKGWQPGTKNKVINFSGSYNPNGNSYLSIYGWSRNPLIEYYIVENFGTYNPSTGATKLGEVTSDGSVYDIYRTQRVNQPSIIGTATFYQYWSVRRNHRSSGSVNTANHFNAWASHGLTLGTMDYQIVAVEGYFSSGSASITVS,Xylanase
85,SGTPSSTGTDGGYYYSWWTDGAGDATYQNNGGGSYTLTWSGNNGNLVGGKGWNPGAASRSISYSGTYQPNGNSYLSVYGWTRSSLIEYYIVESYGSYDPSSAASHKGSVTCNGATYDILSTWRYNAPSIDGTQTFEQFWSVRNPKKAPGGSISGTVDVQCHFDAWKGLGMNLGSEHNYQIVATEGYQSSGTATITVT,Xylanase
86,MVSFTTLLAGFVAVTGVLSAPTETVEVVDVEKRQTIGPGTGFNNGYYYSYWNDGHSGVTYTNGAGGSFSVNWANSGNFVGGKGWNPGSSSRVINFSGSYNPNGNSYLSVYGWSKNPLIEYYIVENFGTYNPSTGTTKLGEVTSDGSVYDIYRTQRVNQPSIIGTATFYQYWSVRRNHAPAARSRLRTTSNAWRNLGLTLGTLDYQIIAVEGYFSSGNANINVS,Xylanase
87,MLTKNLLLCFAAAKAALAVPHDSVAQRSDALHMLSERSTPSSTGENNGFYYSFWTDGGGDVTYTNGDAGAYTVEWSNVGNFVGGKGWNPGSAQDITYSGTFTPSGNGYLSVYGWTTDPLIEYYIVESYGDYNPGSGGTYKGTVTSDGSVYDIYTATRTNAASIQGTATFTQYWSVRQNKRVGGTVTTSNHFNAWAKLGMNLGTHNYQIVATEGYQSSGSSSITVQ,Xylanase
88,MFKFVTKVLTVVIAATISFCLSAVPASANTYWQYWTDGGGTVNATNGPGGNYSVTWRDTGNFVVGKGWEIGSPNRTIHYNAGVWEPSGNGYLTLYGWTRNQLIEYYVVDNWGTYRPTGTHRGTVVSDGGTYDIYTTMRYNAPSIDGTQTFQQFWSVRQSKRPTGNNVSITFSNHVNAWRNAGMNLGSSWSYQVLATEGYQSSGRSNVTVW,Xylanase
89,MCVVLANPFYAQAAMTFTSNATGTYDGYYYELWKDTGNTTMTVDTGGRFSCQWSNINNALFRTGKKFSTAWNQLGTVKITYSATYNPNGNSYLCIYGWSRNPLVEFYIVESWGSWRPPGATSLGTVTIDGATYDIYKTTRVNQPSIEGTRTFDQYWSVRTSKRTSGTVTVTDHFKAWAAKGLNLGTIDQITLCVEGYQSSGSANITQNTFTIGGSSSGSSNGSNNGSNDGSNGGTNAGISTASRIECESMSLSGPYVSRITYPFNGIALYANGDRATANVNFSASRNYTFKLRGCGNNNNLASVDLLIDGKKVGSFYYKGTYPWEASINNVYVSAGTHRVELVLSADNGTWDVYADYLLIQ,Xylanase
90,MVSFKSLLVLCCAALGAFATPVGSEDLAAREASLLERSTPSSTGWSNGYYYSFWTDGGGDVTYTNGAGGSYTVQWSNVGNFVGGKGWNPGSTRTINYGGSFNPSGNGYLAVYGWTQNPLIEYYIVESYGTYNPGSGGQHRGTVYSDGATYDIYTATRYNAPSIEGTATFEQFWSVRQSKRTGGTVTTANHFNAWAALGMRLGTHNYQIVATEGYQSSGSASITVY,Xylanase
91,MVSFSSLLLACSAVTAFAAPSDQSIAERSLSERSTPSSTGTSGGYYYSFWTDGGGDVTYTNGDGGSYTVEWTNVGNFVGGKGWNPGSSQTISYSGSFNPSGNGYLSVYGWTQNPLIEYYIVESYGDYNPGTAGTHQGTLESDGSTYDIYTATRENAPSIEGTATFTQFWSVRQSKRTSGSVTTQNHFDAWSQLGMTLGTHNYQIVAVEGYQSSGSASITVS,Xylanase
92,MVSIKSVLAAATAVSSALAAPFDFVPRDNSTALQARQVTPNAEGWHNGYFYSWWSDGGGQVQYTNLEGSRYQVRWRNTGNFVGGKGWNPGTGRTINYGGYFNPQGNGYLAVYGWTRNPLVEYYVIESYGTYNPGSQAQYKGTFYTDGDQYDIFVSTRYNQPSIDGTRTFQQYWSIRKNKRVGGSVNMQNHFNAWQQHGMPLGQHYYQIVATEGYQSSGESDIYVQTH,Xylanase
93,MKLSKIKKVLSGTVSALMIASAAPVVASAADQQTRGNVGGYDYEMWNQNGQGQASMNPGAGSFTCSWSNIENFLARMGKNYDSQKKNYKAFGNIVLTYDVEYTPRGNSYMCVYGWTRNPLMEYYIVEGWGDWRPPGNDGEVKGTVSANGNTYDIRKTMRYNQPSLDGTATFPQYWSVRQTSGSANNQTNYMKGTIDVTKHFDAWSAAGLDMSGTLYEVSLNIEGYRSNGSANVKSVSVTQGGSSDNGGQQQNNDWNQQNNNQQQNNDWNNWGQQNNDWNQWNNQGQQNNDWNNWGQQNNDWNQWNNQGQQQNNDWNNWGQQNNDWNQWNNQGQQQNNDWNNWGQQNNDWNQWNNQGQQQNNDWNNWGQQNNDWNQWNNQNNNQQNAWNGWDNNNNWNQNNQQQNNWDWNNQNNWNNNQQQNNDWNQWNNQNNWNNNQQQNNDWNQWNNQGQQNNDWNQWNNQNNWNQNNNQQNAWNGWDNNNNWNQWDQNNQWNNQQQNNTWDWNNQNNWNNNQQNNDWNQWNNQGQQQNNDWNQWNNQNNNQNNGWDWNNQNNWNQNNNQQNAWNGWDNNNNWNQWGGQNNDWNNQQQNNDWNQWNNQGQQQNNDWNNQNNWNQGQQNNNNSAGSSDSLKGAFSKYFKIGTSVSPHELNSGADFLKKHYNSITPENELKPESILDQGACQQKGNNVNTQISLSRAAQTLKFCEQNGIALRGHTFVWYSQTPDWFFRENFSQNGAYVSKDIMNQRLESMIKNTFAALKSQYPNLDVYSYDVCNELFLNNGGGMRGADNSNWVKIYGDDSFVINAFKYARQYAPAGCKLYLNDYNEYIPAKTNDIYNMAMKLKQLGYIDGIGMQSHLATNYPDANTYETALKKFLSTGLEVQITELDITCTNSAEQADLYEKIFKLAMQNSAQIPAVTIWGTQDTVSWRSSQNPLLFSAGYQPKPAYDRVMALAK,Xylanase
94,MSATLLVPSMTVKAADTIYNNKTGNQDGYDYELWKDTGNTSMTLNAGGTFDCSWSNINNALFRKGKKFDSTQTYQQIGNITFDYGCDYRPNGNSYLCVYGWTVDPLVEYYIVDSWGTWRPPGGTPKGQIQVDGGTYDVYETTRYNAPSIQGDTTFKQYFSVRTSKRTSGTISVSEHFKAWERMGMRCGNFMKPALNIEGYQSSGSASVYKNNMTIGGSSSSSGNQGGNQGGNTGNENAGNNLVTVADADKIQCETMTKSGQYTGNISSPFNGVALYANNDAVKYTQYFASGTHDFTLRGCSNNNKMARVDLKIGGQNKGTFYYGDSYPAEYTIKNVSHGTGNQTIELVVTADDGQWDAYLDYFNNSVEPGCSLVPGAVVVLVALGSSSNTGNNSGTNTQNQKLIALTFDDGPSSTTSQVLDMLEKYNVKATFFLIGQNVNSNTASIVQRQVKMGCELACHSYTHEDMTKMNASQIRNQIDWTASAIKNTAGVDVKFFRPPYISVNNTMYQNIDLPFIQGSMHNDWESSTSASQRVNSVLSSAKDGDIILLHDFQGNSQTVSALPQIIEGLKNQGYTFVTVSELFEMKGVNPNVEYKIWSNVK,Xylanase
95,MVSFSSILLACSAAIGALATPIEPLADHPNEAFNETAFNDLVGRSTPSSTGYNNGYYYSFWTDGGGDVTYTNGNGGSYSVQWSNVGNFVGGKGWNPGSSRAITYSGSFNPSGNGYLAVYGWTTDPLIEYYIVESYGTYNPGSGGTYKGQVTSDGGTYNIYTSVRTNAPSIIGTATFTQFWSVRTSKRVGGTVTTGNHFNAWAKYGLTLGTHNYQIVATEGYQSSGSSAITVY,Xylanase
96,MKVTAAFAALLVTAFAASVPEPVLVSRSAGINYVQNYNGNLGDFTYDESAGTYSMYWEDGVSSDFVDLTFVSSITFSADYSASGSGSYLAVYGWVNSPQAEYYIVDKYGNYNPCSSATSLGTVYSDGSTYQVCTDTRTNAPSITGTSTFTQYFSVRESTRTSGTVTVANHFEAWAQHGFGNSNFNYQVVAVEAWSGAGSASVTISS,Xylanase
97,MLRKLVTGALAAALLLSGQSNAQNACQQTQQLSGGRTINNKNETGNGNGNYKYEIWRDGNGGSLTLYPKDAAFKASWNNSGDFLGRVGLTFNKPAATNLGGDLIANYNYKKSGSDGGTYSYIGIYGWMDNPQIEYYVVDDWMHNRGAPGGSYMGSQKGTITVDGGTYKVWSGQRTGASKWGTSTFTQIFSIRTSPRQCGSINVSEHFRQWQKLGLRLGGLMEAQLLAESGGGSGYVDFTYATITIGGSSSNASAPSNNNNNNNNNNDNNGNWNNWNNNNNNNNNNNNNNNNNNNNQGGGNCAAIWGQCGGSGYNGPKCCKQGSCKQINQWYSQCQ,Xylanase
98,MFKFSKKMLTVILAASMSFGVFAATSSAATDYWQNWTDGGGTVNAVNGSGGNYSVTWQNTGNFVVGKGWNVGSPNRTINYNAGVWSPSGNGYLTLYGWTRNALIEYYVVDSWGTYRPTGTFKGTVNSDGGTYDIYTTMRYNAPSIDGTQTFAQYWSVRQSKRATGVNSAIAFSNHVNAWASKGMNLGSSWSYQVLATEGYQSSGSSNVTVW,Xylanase
99,MQQDGTQQDRIKQSPAPLNGMSRRGFLGGAGTLALATASGLLLPGTAHAATTITTNQTGTDGMYYSFWTDGGGSVSMTLNGGGSYSTQWTNCGNFVAGKGWSTGDGNVRYNGYFNPVGNGYGCLYGWTSNPLVEYYIVDNWGSYRPTGTYKGTVSSDGGTYDIYQTTRYNAPSVEGTKTFQQYWSVRQSKVTSGSGTITTGNHFDAWARAGMNMGQFRYYMIMATEGYQSSGSSNITVSG,Xylanase
100,NTYWQYWTDGIGYVNATNGQGGNYSVSWSNSGNFVIGKGWQYGAHNRVVNYNAGAWQPNGNAYLTLYGWTRNPLIEYYVVDSWGSYRPTGDYRGSVYSDGAWYDLYHSWRYNAPSIDGTQTFQQYWSVRQQKRPTGSNVSITFENHVNAWGAAGMPMGSSWSYQVLATEGYYSSGYSNVTVW,Xylanase
101,MTRTISRAAHRPPAGGRIARALAAAGATVAMVIAGVAAAQPAAAVDSNSTGSSGGYFYSFWTDAPGTVSMNLGSGGNYSTSWSNTGNFVAGKGWSTGSARTISYSGTFNPSGNAYLAVYGWSHDPLVEYYIVDSWGTYRPTGTFMGTVNSDGGTYDIYKTTRTNAPSIEGTATFTQYWSVRQSKRVGGTITTANHFNAWASHGMNLGRHDYQILATEGYQSSGSSNITIGSTSGGGGSGGGTTTPPTNNGCTVQVTKGDEWGDRFNVSFTVSGSSSWKVAIALSGGQSLQNSWSANVTGSTGTLTATPNGSGNSFGITVYKNGSSTLPTATCSTT,Xylanase
102,MNLRKLRLLFVMCIGLTLILTAVPAHARTITNNEMGNHSGYDYELWEDYGNTSMTLNNGGALSAGWNNIGNALFRKGRKFDSTRTHHQLGNISINYNASFNPGGNSYLCVYGWTQSPLAEYYIVDSWGTYRPTGAYKGSFYADGGTYDIYETTRVNQPSIIGIATFKQYWSVRQTKRTSGTVSVSAHFRKWESLGMPMGKMYETAFTVEGYQSSGSANVMTNQLFIGN,Xylanase
103,MTASFATLRRPKHRRRSVKQLVAGVAVAGLVGTGLAIALPASAAVTSNQTGNSGGYYYSFWTDSQGTVSMELGSGGNYSTSWRTTGNFVAGKGWQTGSGRACSYSGQFTPSGNAYLTLYGWTTGPLIEYYIVDNWGTYRPTGTYMGTVNSDGGTYDIYRTQRVNQPSIQGTATFYQYWSVRQQKRTGGTITAANHFNAWASKGMNLGSHNYQILATEGYQSSGSSNITVSEGSGGGGNTGGGGGGNTGGGGSCTVSATKTQEWGDRFNVTYTVSGSNSWTVTVYPSNGQSIQNHWNANRNGNTFTPNGSGNTFGVTYYKGPNNVNWTPSAFC,Xylanase
104,MKRKVKKMAAMATSIIMAIMIILHSIPVLAGRIIYDNETGTHGGYDYELWKDYGNTIMELNDGGTFSCQWSNIGNALFRKGRKFNSDKTYQELGDIVVEYGCDYNPNGNSYLCVYGWTRNPLVEYYIVESWGSWRPPGATPKGTITVDGGTYEIYETTRVNQPSIDGTATFQQYWSVRTSKRTSGTISVTEHFKQWERMGMRMGKMYEVALTVEGYQSSGYANVYKNEIRIGANPTPAPSQSPIRRDAFSIIEAEEYNSTNSSTLQVIGTPNNGRGIGYIENGNTVTYSNIDFGSGATGFSATVATEVNTSIQIRSDSPTGTLLGTLYVSSTGSWNTYQTVSTNISKITGVHDIVLVFSGPVNVDNFIFSRSSPVPAPGDNTRDAYSIIQAEDYDSSYGPNLQIFSLPGGGSAIGYIENGYSTTYNNVNFANGLSSITARVATQISTSIQVRAGGATGTLLGTIYVPSTNSWDSYQNVTANLSNITGVHDITLVFSGPVNVDYFVFTPANVNSGPTSPVGGTRSAFSNIQAEDYDSSYGPNLQIFSLPGGGSAIGYIENGYSTTYKNIDFGDGATSVTARVATQNATTIQVRLGSPSGTLLGTIYVGSTGSFDTYRDVSATISNTAGVKDIVLVFSGPVNVDWFVFSKSGT,Xylanase
105,MRQKLLITFLILITFTVSLTLFPVNVRADVVITSNQTGTHGGYNFEYWKDTGNGTMVLKDGGAFSCEWSNINNILFRKGFKYDETKTHDQLGYITVTYSCNYQPNGNSYLGVYGWTSNPLVEYYIIESWGTWRPPGATPKGTITVDGGTYEIYETTRVNQPSIKGTATFQQYWSVRTSKRTSGTISVTEHFKAWERLGMKMGKMYEVALVVEGYQSSGKADVTSMTITVGNAPSTSSPPGPTPEPTPRSAFSKIEAEEYNSLKSSTIQTIGTSDGGSGIGYIESGDYLVFNKINFGNGANSFKARVASGADTPTNIQLRLGSPTGTLIGTLTVASTGGWNNYEEKSCSITNTTGQHDLYLVFSGPVNIDYFIFDSNGVNPTPTSQPQQGQVLGDLNGDKQVNSTDYTALKRHLLNITRLSGTALANADLNGDGKVDSTDLMILHRYLLGIISSFPRSNPQPSSNPQPSSNPQPTINPNAKLVALTFDDGPDNVLTARVLDKLDKYNVKATFMVVGQRVNDSTAAIIRRMVNSGHEIGNHSWSYSGMANMSPDQIRKSIADTNAVIQKYAGTTPKFFRPPNLETSPTLFNNVDLVFVGGLTANDWIPSTTAEQRAAAVINGVRDGTIILLHDVQPEPHPTPEALDIIIPTLKSRGYEFVTLTELFTLKGVPIDPSVKRMYNSVP,Xylanase
106,EKVICLLIALFGLIEAQTFYNNAQGQIDGLDYELWKDTGTTSMTLLGGGKFSCSWSNINNCLFRIGKKWNCQYEWWELGTVLVNYDVDYNPNGNSYLCIYGWTRNPLVEYYIVESWGSWRPPGGSPMNTMYVDDGQYDVYVTDRINQPSIDGNTNFKQYWSVRTQKKTRGTVHVNHHFYNWQEMGLKVGKVYEASLNIEGYQSAGSATVNKNEVVQTTEQIGLIISSNLDEILYL,Xylanase
107,MRNNFKMRVMAGVAAVICLAGVLGSCGNSSDKDSSSKKSADSAKADSNKDSKNGQVFTKNARGTSDGYDYELWKDKGDTEMTINEGGTFSCKWSNINNALFRRGKKFDCTKTYKELGNISVKYGVDYQPDGNSYMCVYGWTIDPLVEFYIVESWGSWRPPGAAESLGTVTVDGGTYDIYKTTRYEQPSIDGTKTFDQYWSVRQDKPTGDGTKIEGTISISKHFDAWEQVGLTLGNMYEVALNIEGYQSNGQATIYENELTVDGNYSADPAPEVKKSSDEKEPEPQSTNGAGLFTADFESDECGWTSRGSAAVAQNTDEASEGRGSLFVSGRTDNWNGASIELDSGTFKQGSTYSFKTDAMQKSGKEATLKFTMQYTAADGDHYDQIAQQTAPDGEWITLEGDYTIPDDATKLVLYVESPDSLTDFYIDNASATGDGSEPAKTADDKKEEAEYTFSDPVAVSNTADISWIDKDKPMVAIAFDDGASAAKKGDPAYRIIDTMADNGFHATFFYIGSQIKTEEQVKYAHEKGMETANHTMTHPYLSKLKPAEIRDEYEKCREKLKGIIGEEPSALMRLPYLDGGGDTTRTLNDVALISCSVDTKDWNKATSDKIVDTIKKAKDNGSLNGAIVLCHENYAATAEAMEEIVPWLKDEGWQVVTVSELFAANGKELMGGKIYSKLS,Xylanase
108,MNLLVQPRRRRRGPVTLLVRSAWAVALAALAALMLPGTAQADTVVTTNQEGTNNGYYYSFWTDSQGTVSMNMGSGGQYSTSWRNTGNFVAGKGWANGGRRTVQYSGSFNPSGNAYLALYGWTSNPLVEYYIVDNWGTYRPTGEYKGTVTSDGGTYDIYKTTRVNKPSVEGTRTFDQYWSVRQSKRTGGTITTGNHFDAWARAGMPLGNFSYYMIMATEGYQSSGSSSINVGGTGGGDSGGGDNGGGGGGCTATVSAGQKWGDRYNLDVSVSGASDWTVTMNVPSPAKVLSNWNVNASYPSAQTLTARLNGSGNNWGATIQANANWTWPSVSCSAG,Xylanase
109,MDRNDAPTPQPMSRRGFIGRAGALAVATSGLMLPATGIAHAQTVTSNQTGNHNGFYYSFWTDAPGTVSMTMGSGGNYSTSWRNTGNFVCGKGWANGSRRTVRYSGSFNPSGNGYLCLYGWTSNPLVEYYIVDNWGTYRPTGEYRGTVSSDGGTYDIYKTTRYNQPSVEGTRTFDQYWSVRQQKKTGGTITTGNHFDAWSRAGLRMGSFNYYMIMATEGYQSSGSSNITVS,Xylanase
110,MFKFKKNFLVGLSAALMSISLFSATASAASTDYWQNWTDGGGIVNAVNGSGGNYSVNWSNTGNFVVGKGWTTGSPFRTINYNAGVWAPNGNGYLTLYGWTRSPLIEYYVVDSWGTYRPTGTYKGTVKSDGGTYDIYTTTRYNAPSIDGDRTTFTQYWSVRQTKRPTGSNATITFSNHVNAWKSHGMNLGSNWAYQVLATEGYQSSGSSNVTVW,Xylanase
111,TVAKAQWGGGASAGQKLSVGGGQNQHKGVSDGFSYEIWLDNTGGSGSMTLGSGATFKAEWNAAVNRGNFLARRGLDFGSQKKATDYSYIGLDYTATYRQTASASGNSRLCVYGWFQNRGVQGVPLVEYYIIEDWVDWVPDAQGKMVTIDGAQYKIFQMDHTGPTINGGSETFKQYFSVRQQKRTSGHITVSDHFKEWAKQGWGIGNLYEVALNAEGWQSSGVADVTLLDVYTTPKGSSPATSAAPRTTTRTTTRTKSLPTNYNKCSARITAQGYKCCSDPNCVVYYTDDDGTWGVENNEWRGCGVEQCSSKITSQGYKCCSDPNCVVFYTDDDGKWG,Xylanase
112,MNHAPASLKSRRRFRPRLLIGKAFAAALVAVVTMIPSTAAHAAVTSNETGYHDGYFYSFWTDAPGTVSMELGPGGNYSTSWRNTGNFVAGKGWATGGRRTVTYSASFNPSGNAYLTLYGWTRNPLVEYYIVESWGTYRPTGTYMGTVTTDGGTYDIYKTTRYNAPSIEGTRTFDQYWSVRQSKRTSGTITAGNHFDAWARHGMHLGTHDYMIMATEGYQSSGSSNVTLGTSGGGNPGGGNPPGGGNPPGGGGCTATLSAGQQWNDRYNLNVNVSGSNNWTVTVNVPWPARIIATWNIHASYPDSQTLVARPNGNGNNWGMTIMHNGNWTWPTVSCSAN,Xylanase
